City_ID,City,Lat,Lng,Max Temp,Humidity,Cloudiness,Wind Speed,Country,Date
0,port alfred,-33.5906,26.891,24.54,88,36,5.66,ZA,2023-01-23 22:18:24
1,punta arenas,-53.15,-70.9167,15.06,41,20,12.35,CL,2023-01-23 22:18:27
2,hobart,-42.8794,147.3294,20.14,79,20,2.57,AU,2023-01-23 22:18:32
3,mahebourg,-20.4081,57.7,24.03,88,75,1.54,MU,2023-01-23 22:18:34
4,tual,-5.6667,132.75,27.93,77,100,6.78,ID,2023-01-23 22:18:35
5,mar del plata,-38.0023,-57.5575,22.68,70,0,5.14,AR,2023-01-23 22:18:37
6,trincomalee,8.5711,81.2335,25.35,81,100,5.3,LK,2023-01-23 22:18:38
7,puri,19.8,85.85,18.29,74,11,2.23,IN,2023-01-23 22:18:40
8,hilo,19.7297,-155.09,28.49,76,0,2.68,US,2023-01-23 22:18:41
9,rikitea,-23.1203,-134.9692,26.35,76,28,8.16,PF,2023-01-23 22:17:02
10,upernavik,72.7868,-56.1549,-21.79,97,98,0.49,GL,2023-01-23 22:18:44
11,sao filipe,14.8961,-24.4956,21.57,64,25,4.54,CV,2023-01-23 22:18:45
12,arraial do cabo,-22.9661,-42.0278,26.92,74,75,2.06,BR,2023-01-23 22:16:48
13,atuona,-9.8,-139.0333,25.97,78,18,8.04,PF,2023-01-23 22:18:48
14,vardo,70.3705,31.1107,-1.01,80,46,13.38,NO,2023-01-23 22:18:49
15,saskylakh,71.9167,114.0833,-21.64,79,100,1.56,RU,2023-01-23 22:18:51
16,tagab,34.855,69.6492,-1.96,49,1,2.7,AF,2023-01-23 22:18:52
17,busselton,-33.65,115.3333,17.74,84,0,7.48,AU,2023-01-23 22:18:53
18,amga,60.8953,131.9608,-38.74,98,100,0.3,RU,2023-01-23 22:18:55
19,igboho,8.8333,3.75,28.59,20,3,0.83,NG,2023-01-23 22:18:56
20,cape town,-33.9258,18.4232,20.05,73,0,1.79,ZA,2023-01-23 22:15:00
21,vaini,-21.2,-175.2,30.09,74,40,1.54,TO,2023-01-23 22:16:57
22,khatanga,71.9667,102.5,-42.59,97,45,2.5,RU,2023-01-23 22:19:00
23,bluff,-46.6,168.3333,12.8,56,67,0.91,NZ,2023-01-23 22:19:01
24,bredasdorp,-34.5322,20.0403,18.34,72,7,3.59,ZA,2023-01-23 22:17:53
25,saint-philippe,-21.3585,55.7679,23.77,90,100,2.43,RE,2023-01-23 22:19:05
26,pavilosta,56.8879,21.1859,-2.05,80,30,4.39,LV,2023-01-23 22:19:07
27,thompson,55.7435,-97.8558,-20.91,71,20,2.57,CA,2023-01-23 22:19:08
28,jamestown,42.097,-79.2353,-0.71,72,100,4.12,US,2023-01-23 22:16:45
29,hithadhoo,-0.6,73.0833,26.34,78,83,4.25,MV,2023-01-23 22:19:11
30,coquimbo,-29.9533,-71.3436,20.85,68,20,6.17,CL,2023-01-23 22:14:49
31,cidreira,-30.1811,-50.2056,24.99,73,32,4.9,BR,2023-01-23 22:19:14
32,puerto ayora,-0.7393,-90.3518,26.98,93,49,4.02,EC,2023-01-23 22:17:46
33,barrow,71.2906,-156.7887,-21.99,84,40,8.23,US,2023-01-23 22:18:19
34,yulara,-25.2406,130.9889,24.57,33,2,7.38,AU,2023-01-23 22:19:18
35,rossosh,51.1209,38.5116,-6.12,88,46,2.62,RU,2023-01-23 22:19:19
36,cabo san lucas,22.8909,-109.9124,26.61,62,40,5.14,MX,2023-01-23 22:17:02
37,katsuura,35.1333,140.3,6.01,85,100,2.01,JP,2023-01-23 22:19:22
38,ushuaia,-54.8,-68.3,15.81,55,75,2.57,AR,2023-01-23 22:19:23
39,srednekolymsk,67.45,153.6833,-31.89,95,100,1.81,RU,2023-01-23 22:19:26
40,albany,42.6001,-73.9662,0.77,86,100,5.36,US,2023-01-23 22:16:52
41,georgetown,5.4112,100.3354,25.96,94,40,0.0,MY,2023-01-23 22:15:11
42,qaanaaq,77.484,-69.3632,-27.4,60,33,3.04,GL,2023-01-23 22:19:30
43,totness,5.8833,-56.3167,24.65,82,54,5.65,SR,2023-01-23 22:19:32
44,mitu,1.1983,-70.1733,23.03,96,100,0.13,CO,2023-01-23 22:19:33
45,lake city,30.1897,-82.6393,16.03,44,0,2.57,US,2023-01-23 22:19:36
46,port blair,11.6667,92.75,26.02,73,40,0.0,IN,2023-01-23 22:19:38
47,bethel,41.3712,-73.414,2.23,85,100,2.57,US,2023-01-23 22:19:39
48,san cristobal,7.7669,-72.225,24.1,70,78,2.33,VE,2023-01-23 22:19:41
49,hermanus,-34.4187,19.2345,17.11,81,0,5.78,ZA,2023-01-23 22:16:21
50,mackenzie,55.2999,-123.1698,-0.78,93,97,2.74,CA,2023-01-23 22:15:08
51,khorinsk,52.1657,109.7726,-41.13,99,63,0.36,RU,2023-01-23 22:19:46
52,a coruna,43.3713,-8.396,7.72,79,0,1.79,ES,2023-01-23 22:19:47
53,yellowknife,62.456,-114.3525,-18.0,96,100,3.59,CA,2023-01-23 22:15:15
54,sengiley,53.9622,48.7944,-16.96,87,32,2.1,RU,2023-01-23 22:19:50
55,yar-sale,66.8333,70.8333,-22.59,100,93,4.67,RU,2023-01-23 22:19:52
56,olafsvik,64.8945,-23.7142,0.61,69,100,6.0,IS,2023-01-23 22:19:53
57,avarua,-21.2078,-159.775,27.03,78,75,2.57,CK,2023-01-23 22:15:23
58,vorta,46.0167,22.6833,4.05,77,80,1.73,RO,2023-01-23 22:19:56
59,mataura,-46.1927,168.8643,15.15,50,71,0.17,NZ,2023-01-23 22:19:57
60,khani,41.9563,42.9566,2.76,53,0,2.68,GE,2023-01-23 22:19:58
61,dunedin,-45.8742,170.5036,16.56,52,72,1.79,NZ,2023-01-23 22:19:20
62,salinas,36.6777,-121.6555,16.46,32,0,4.63,US,2023-01-23 22:15:03
63,meulaboh,4.1363,96.1285,23.49,95,100,4.82,ID,2023-01-23 22:20:03
64,athabasca,54.7169,-113.2854,0.87,97,100,7.56,CA,2023-01-23 22:15:10
65,dikson,73.5069,80.5464,-25.59,86,100,13.5,RU,2023-01-23 22:19:52
66,gigmoto,13.7796,124.39,24.41,90,70,4.23,PH,2023-01-23 22:20:07
67,kapaa,22.0752,-159.319,27.29,72,0,3.09,US,2023-01-23 22:20:08
68,bang saphan,11.2126,99.5117,22.36,70,57,1.45,TH,2023-01-23 22:20:10
69,castro,-24.7911,-50.0119,19.17,84,75,1.4,BR,2023-01-23 22:20:12
70,east london,-33.0153,27.9116,25.3,85,34,5.55,ZA,2023-01-23 22:18:42
71,pisco,-13.7,-76.2167,26.03,65,0,11.32,PE,2023-01-23 22:20:15
72,cabatuan,10.8794,122.486,23.42,91,100,5.16,PH,2023-01-23 22:20:16
73,palmer,42.1584,-72.3287,0.9,88,100,5.66,US,2023-01-23 22:20:19
74,ahuimanu,21.4447,-157.8378,28.52,63,20,4.12,US,2023-01-23 22:20:21
75,port elizabeth,-33.918,25.5701,23.51,88,0,7.72,ZA,2023-01-23 22:16:52
76,ugoofaaru,5.6667,73.0,26.86,71,61,4.58,MV,2023-01-23 22:20:24
77,lavrentiya,65.5833,-171.0,-27.01,96,54,5.51,RU,2023-01-23 22:20:26
78,neryungri,56.6709,124.6491,-29.82,91,100,5.37,RU,2023-01-23 22:20:27
79,shache,38.4167,77.2406,-16.36,91,11,2.03,CN,2023-01-23 22:16:17
80,ponta do sol,32.6667,-17.1,16.67,67,8,3.82,PT,2023-01-23 22:19:16
81,iqaluit,63.7506,-68.5145,-23.15,77,75,2.06,CA,2023-01-23 22:20:35
82,bafq,31.6128,55.4107,2.42,49,19,1.79,IR,2023-01-23 22:20:37
83,faanui,-16.4833,-151.75,25.75,78,100,5.84,PF,2023-01-23 22:17:13
84,husavik,66.0449,-17.3389,-5.18,65,100,5.12,IS,2023-01-23 22:19:19
85,hamilton,39.1834,-84.5333,1.91,79,100,5.66,US,2023-01-23 22:20:43
86,kansanshi,-12.0951,26.4273,15.99,97,100,2.81,ZM,2023-01-23 22:20:44
87,new norfolk,-42.7826,147.0587,19.95,78,14,0.81,AU,2023-01-23 22:20:45
88,luderitz,-26.6481,15.1594,17.08,86,0,5.1,NA,2023-01-23 22:20:48
89,poso,-1.3959,120.7524,27.41,71,100,1.14,ID,2023-01-23 22:20:49
90,nyurba,63.2842,118.3319,-30.4,95,100,2.74,RU,2023-01-23 22:20:51
91,matagami,49.7502,-77.6328,-2.94,74,100,4.12,CA,2023-01-23 22:20:52
92,ribeira grande,38.5167,-28.7,16.22,88,75,10.8,PT,2023-01-23 22:20:54
93,tavda,58.0425,65.2726,-13.98,97,73,2.4,RU,2023-01-23 22:20:55
94,synya,65.3718,58.0387,-7.16,93,100,5.64,RU,2023-01-23 22:20:57
95,lagoa,39.05,-27.9833,15.11,80,98,12.92,PT,2023-01-23 22:20:57
96,hasaki,35.7333,140.8333,3.45,88,100,3.86,JP,2023-01-23 22:20:59
97,antofagasta,-23.65,-70.4,21.6,77,11,2.69,CL,2023-01-23 22:17:31
98,bambous virieux,-20.3428,57.7575,24.01,88,75,1.54,MU,2023-01-23 22:21:02
99,oksfjord,70.2396,22.3479,-0.56,89,100,16.18,NO,2023-01-23 22:21:05
100,san vicente de canete,-13.0751,-76.3835,23.19,75,42,3.14,PE,2023-01-23 22:21:07
101,vincennes,48.85,2.4333,3.26,79,100,6.69,FR,2023-01-23 22:21:08
102,tasiilaq,65.6145,-37.6368,-5.91,68,100,2.99,GL,2023-01-23 22:21:10
103,cortez,37.3489,-108.5859,3.42,58,100,3.09,US,2023-01-23 22:21:11
104,aklavik,68.2191,-135.0107,-22.0,77,75,3.09,CA,2023-01-23 22:21:13
105,tura,25.5198,90.2201,14.56,56,59,1.65,IN,2023-01-23 22:21:14
106,esperance,-33.8667,121.9,17.57,66,0,4.02,AU,2023-01-23 22:21:16
107,kawalu,-7.3817,108.2082,22.05,95,100,0.47,ID,2023-01-23 22:21:17
108,ahipara,-35.1667,173.1667,22.39,66,100,2.3,NZ,2023-01-23 22:19:36
109,balingasay,16.3573,119.8564,25.46,80,100,4.78,PH,2023-01-23 22:21:20
110,sosnovo-ozerskoye,52.5249,111.5418,-39.5,100,46,1.97,RU,2023-01-23 22:21:22
111,abasolo,20.45,-101.5167,26.86,14,1,3.22,MX,2023-01-23 22:17:56
112,eyl,7.9803,49.8164,23.21,74,87,9.01,SO,2023-01-23 22:21:25
113,adrar,20.5022,-10.0711,19.3,14,0,4.03,MR,2023-01-23 22:21:26
114,narsaq,60.9167,-46.05,-11.88,70,100,3.28,GL,2023-01-23 22:21:28
115,butaritari,3.0707,172.7902,26.96,80,100,8.19,KI,2023-01-23 22:16:42
116,dhidhdhoo,6.8833,73.1,26.62,70,75,2.93,MV,2023-01-23 22:21:30
117,klaksvik,62.2266,-6.589,5.51,91,100,5.31,FO,2023-01-23 22:21:32
118,san vicente,-26.6167,-54.1333,25.61,56,68,1.83,AR,2023-01-23 22:21:33
119,noshiro,40.2039,140.0242,0.25,93,100,4.78,JP,2023-01-23 22:21:37
120,tiksi,71.6872,128.8694,-35.56,100,74,1.33,RU,2023-01-23 22:21:39
121,lityn,49.3251,28.0809,-1.69,87,11,2.47,UA,2023-01-23 22:21:40
122,nhulunbuy,-12.2333,136.7667,26.34,94,75,0.0,AU,2023-01-23 22:21:42
123,mandalgovi,45.7625,106.2708,-25.91,81,0,3.75,MN,2023-01-23 22:21:46
124,asfi,32.2994,-9.2372,12.0,69,0,7.58,MA,2023-01-23 22:21:49
125,killybegs,54.6333,-8.45,8.95,93,100,2.74,IE,2023-01-23 22:21:50
126,ancud,-41.8697,-73.8203,16.15,92,73,9.03,CL,2023-01-23 22:18:14
127,kaitangata,-46.2817,169.8464,15.19,50,56,1.58,NZ,2023-01-23 22:21:53
128,ilulissat,69.2167,-51.1,-10.99,79,100,0.51,GL,2023-01-23 22:21:54
129,petrovsk-zabaykalskiy,51.273,108.843,-38.27,100,78,0.94,RU,2023-01-23 22:21:56
130,duren,50.8,6.4833,2.77,88,41,0.45,DE,2023-01-23 22:21:57
131,nikolskoye,59.7035,30.7861,-6.23,96,61,2.67,RU,2023-01-23 22:21:59
132,yining,29.0361,114.5636,0.6,71,3,2.04,CN,2023-01-23 22:22:00
133,tuktoyaktuk,69.4541,-133.0374,-23.0,84,100,3.6,CA,2023-01-23 22:22:03
134,arlit,18.7369,7.3853,22.71,12,2,2.07,NE,2023-01-23 22:22:04
135,teguldet,57.3064,88.1667,-12.84,95,100,3.15,RU,2023-01-23 22:22:06
136,namatanai,-3.6667,152.4333,27.97,75,83,3.65,PG,2023-01-23 22:22:07
137,san patricio,28.017,-97.5169,17.17,54,93,8.01,US,2023-01-23 22:22:09
138,codrington,-38.2667,141.9667,18.86,82,98,3.9,AU,2023-01-23 22:22:10
139,soe,-9.8607,124.284,19.41,88,100,0.2,ID,2023-01-23 22:19:55
140,ankazoabo,-22.2833,44.5167,22.11,87,100,3.37,MG,2023-01-23 22:22:13
141,bubaque,11.2833,-15.8333,23.49,74,9,6.53,GW,2023-01-23 22:22:15
142,nanortalik,60.1432,-45.2371,-1.2,67,100,3.16,GL,2023-01-23 22:22:17
143,berlevag,70.8578,29.0864,0.0,69,0,11.32,NO,2023-01-23 22:22:19
144,fairbanks,64.8378,-147.7164,-21.21,78,100,0.0,US,2023-01-23 22:20:04
145,san mateo ixtatan,15.8319,-91.4781,12.86,65,43,2.61,GT,2023-01-23 22:22:22
146,conde,-7.2597,-34.9075,26.7,78,40,4.63,BR,2023-01-23 22:22:24
147,alofi,-19.0595,-169.9187,26.94,83,75,1.54,NU,2023-01-23 22:22:25
148,leningradskiy,69.3833,178.4167,-32.99,94,5,3.99,RU,2023-01-23 22:22:27
149,yerbogachen,61.2767,108.0108,-45.72,100,69,0.93,RU,2023-01-23 22:22:28
150,havre-saint-pierre,50.2334,-63.5986,-3.0,86,0,2.57,CA,2023-01-23 22:22:31
151,opuwo,-18.0607,13.84,19.3,74,100,3.23,NA,2023-01-23 22:22:32
152,accrington,53.7538,-2.3586,5.23,86,100,0.89,GB,2023-01-23 22:22:33
153,birao,10.2849,22.7882,22.54,13,87,2.83,CF,2023-01-23 22:22:35
154,saldanha,-33.0117,17.9442,18.03,83,0,2.8,ZA,2023-01-23 22:22:37
155,cayenne,4.9333,-52.3333,26.02,73,75,2.06,GF,2023-01-23 22:21:58
156,luena,-11.7833,19.9167,15.93,92,100,2.26,AO,2023-01-23 22:22:39
157,bintulu,3.1667,113.0333,24.23,100,40,0.0,MY,2023-01-23 22:22:41
158,constantine,36.365,6.6147,3.67,87,75,2.57,DZ,2023-01-23 22:22:42
159,altay,47.8667,88.1167,-15.91,60,100,1.57,CN,2023-01-23 22:22:44
160,naze,28.3667,129.4833,11.51,81,89,11.28,JP,2023-01-23 22:22:45
161,chuy,-33.6971,-53.4616,21.81,59,0,5.86,UY,2023-01-23 22:22:46
162,carnarvon,-24.8667,113.6333,23.66,79,8,4.91,AU,2023-01-23 22:22:48
163,chifeng,42.2683,118.9636,-21.86,45,1,7.26,CN,2023-01-23 22:22:49
164,lahij,13.1667,44.5833,19.93,78,32,2.5,YE,2023-01-23 22:22:51
165,peleduy,59.6289,112.7406,-37.17,97,99,1.06,RU,2023-01-23 22:22:52
166,oranjemund,-28.55,16.4333,17.04,90,0,1.7,NA,2023-01-23 22:20:41
167,milkovo,54.7167,158.6167,-16.98,97,100,0.52,RU,2023-01-23 22:22:55
168,vanavara,60.34,102.2797,-34.1,96,100,1.29,RU,2023-01-23 22:22:56
169,kodiak,57.79,-152.4072,4.73,87,100,2.06,US,2023-01-23 22:22:58
170,doha,25.2867,51.5333,18.94,85,0,1.54,QA,2023-01-23 22:18:25
171,riyadh,24.6877,46.7219,14.08,57,54,3.54,SA,2023-01-23 22:20:00
172,fort nelson,58.8053,-122.7002,-3.92,84,75,1.03,CA,2023-01-23 22:23:03
173,xunchang,28.4543,104.715,5.84,72,100,1.18,CN,2023-01-23 22:23:05
174,beringovskiy,63.05,179.3167,-22.63,96,100,6.14,RU,2023-01-23 22:23:06
175,kampong cham,11.9934,105.4635,23.31,75,74,2.78,KH,2023-01-23 22:23:08
176,lucapa,-8.4192,20.7447,18.0,96,100,1.05,AO,2023-01-23 22:23:09
177,tukrah,32.5341,20.5791,13.12,44,0,3.12,LY,2023-01-23 22:23:11
178,caravelas,-17.7125,-39.2481,26.08,85,100,5.03,BR,2023-01-23 22:23:12
179,katherine,-14.4667,132.2667,25.18,83,40,3.6,AU,2023-01-23 22:23:14
180,ascension,30.2169,-90.9001,16.17,49,0,0.0,US,2023-01-23 22:23:15
181,mayumba,-3.432,10.6554,26.05,84,100,1.99,GA,2023-01-23 22:23:17
182,bengkulu,-3.8004,102.2655,23.17,91,100,1.78,ID,2023-01-23 22:23:18
183,egvekinot,66.3167,-179.1667,-26.89,81,19,5.6,RU,2023-01-23 22:23:20
184,chernyshevskiy,63.0128,112.4714,-33.48,94,100,3.3,RU,2023-01-23 22:23:21
185,mendota,36.7536,-120.3816,12.4,51,4,1.92,US,2023-01-23 22:23:23
186,salamiyah,35.0113,37.0532,9.74,69,0,1.08,SY,2023-01-23 22:23:24
187,souillac,-20.5167,57.5167,23.21,88,75,1.54,MU,2023-01-23 22:23:27
188,kilindoni,-7.9139,39.6668,26.12,83,98,3.42,TZ,2023-01-23 22:23:30
189,kahului,20.8947,-156.47,27.2,69,0,3.13,US,2023-01-23 22:23:31
190,padang,-0.9492,100.3543,23.52,94,100,2.31,ID,2023-01-23 22:23:33
191,flin flon,54.7682,-101.865,-17.09,66,75,1.03,CA,2023-01-23 22:23:35
192,airai,-8.9266,125.4092,16.11,85,100,1.0,TL,2023-01-23 22:23:37
193,tuatapere,-46.1333,167.6833,14.21,56,25,1.37,NZ,2023-01-23 22:23:38
194,ola,59.5833,151.2833,-28.0,86,72,5.01,RU,2023-01-23 22:23:39
195,marsaxlokk,35.8419,14.5431,10.04,81,0,0.51,MT,2023-01-23 22:23:41
196,norman wells,65.282,-126.8329,-21.98,77,75,2.57,CA,2023-01-23 22:23:44
197,robertsport,6.7533,-11.3686,26.39,83,100,4.35,LR,2023-01-23 22:23:45
198,san jose,37.3394,-121.895,16.9,30,20,7.2,US,2023-01-23 22:19:25
199,taoudenni,22.6783,-3.9836,18.41,20,0,3.81,ML,2023-01-23 22:23:49
200,vostok,46.4856,135.8833,-35.7,99,100,1.1,RU,2023-01-23 22:23:50
201,okha,53.5739,142.9478,-29.53,94,100,7.09,RU,2023-01-23 22:18:56
202,uvat,59.1433,68.8953,-16.65,99,86,2.05,RU,2023-01-23 22:23:53
203,agadir,30.4202,-9.5982,13.25,73,0,2.52,MA,2023-01-23 22:23:54
204,port-cartier,50.0334,-66.8654,-6.18,95,99,1.41,CA,2023-01-23 22:22:43
205,pontianak,-0.0333,109.3333,24.99,94,75,1.03,ID,2023-01-23 22:23:57
206,kudahuvadhoo,2.6708,72.8944,26.13,74,96,1.99,MV,2023-01-23 22:24:00
207,verkhoyansk,67.5447,133.385,-44.1,98,100,0.43,RU,2023-01-23 22:24:01
208,amursk,50.2261,136.8994,-38.31,100,97,0.73,RU,2023-01-23 22:24:03
209,kununurra,-15.7667,128.7333,25.99,94,92,1.54,AU,2023-01-23 22:24:05
210,itoman,26.1247,127.6694,18.01,86,75,17.49,JP,2023-01-23 22:24:06
211,cap-aux-meules,47.3821,-61.8597,0.03,100,100,14.4,CA,2023-01-23 22:24:08
212,jalu,29.0331,21.5482,12.41,47,0,4.39,LY,2023-01-23 22:24:11
213,kashiwazaki,37.3667,138.55,2.71,83,100,4.86,JP,2023-01-23 22:20:54
214,porto nacional,-10.7081,-48.4172,29.0,86,72,0.57,BR,2023-01-23 22:24:13
215,copparo,44.893,11.8249,7.23,88,100,6.53,IT,2023-01-23 22:24:15
216,fortuna,40.5982,-124.1573,13.85,63,3,0.89,US,2023-01-23 22:24:16
217,pontes e lacerda,-15.2261,-59.3353,26.53,81,37,1.57,BR,2023-01-23 22:24:18
218,diego de almagro,-26.3667,-70.05,25.37,33,0,5.07,CL,2023-01-23 22:24:22
219,belaya gora,68.5333,146.4167,-34.6,100,100,0.56,RU,2023-01-23 22:24:23
220,kendari,-3.945,122.4989,23.25,94,100,1.64,ID,2023-01-23 22:24:25
221,onega,63.9061,38.1404,-12.13,95,51,3.22,RU,2023-01-23 22:24:26
222,port-gentil,-0.7193,8.7815,27.98,83,75,2.06,GA,2023-01-23 22:19:44
223,laguna,38.421,-121.4238,16.46,35,0,8.23,US,2023-01-23 22:24:29
224,tazovskiy,67.4667,78.7,-37.07,100,17,0.83,RU,2023-01-23 22:24:31
225,lebu,-37.6167,-73.65,19.08,81,14,3.39,CL,2023-01-23 22:24:32
226,catemaco,18.4167,-95.1167,22.69,84,79,2.27,MX,2023-01-23 22:24:33
227,ayagoz,47.9714,80.4392,-15.34,79,100,2.93,KZ,2023-01-23 22:24:35
228,abu samrah,35.3029,37.1841,9.74,70,0,1.77,SY,2023-01-23 22:24:36
229,dillon,34.4166,-79.3712,12.99,48,23,6.97,US,2023-01-23 22:21:19
230,terra santa,-2.1042,-56.4869,24.68,89,98,0.97,BR,2023-01-23 22:24:39
231,toktogul,41.8708,72.9402,-10.86,63,60,1.33,KG,2023-01-23 22:24:41
232,turukhansk,65.8167,87.9833,-28.63,88,99,3.23,RU,2023-01-23 22:21:19
233,sungairaya,0.7,108.9,24.16,90,100,1.4,ID,2023-01-23 22:24:43
234,nehe,48.4833,124.8333,-36.4,92,22,1.42,CN,2023-01-23 22:24:45
235,richards bay,-28.783,32.0377,23.74,88,2,4.46,ZA,2023-01-23 22:24:46
236,saint-francois,46.4154,3.9054,1.69,83,100,4.63,FR,2023-01-23 22:21:54
237,salme,28.0369,85.0942,4.72,21,4,3.33,NP,2023-01-23 22:24:49
238,eenhana,-17.4667,16.3333,19.49,89,100,5.46,NA,2023-01-23 22:24:50
239,luanda,-8.8368,13.2343,26.08,80,100,2.42,AO,2023-01-23 22:24:52
240,lasa,46.6166,10.7002,0.2,94,92,1.67,IT,2023-01-23 22:23:08
241,oistins,13.0667,-59.5333,26.05,69,40,9.26,BB,2023-01-23 22:21:17
242,duldurga,50.6761,113.5931,-33.83,88,3,1.57,RU,2023-01-23 22:24:56
243,vargashi,55.3556,65.8467,-16.77,100,84,3.12,RU,2023-01-23 22:24:57
244,joshimath,30.5667,79.5667,5.1,50,100,1.28,IN,2023-01-23 22:24:58
245,petropavlovsk-kamchatskiy,53.0452,158.6483,-19.57,71,0,3.0,RU,2023-01-23 22:25:00
246,beloha,-25.1667,45.05,24.05,80,100,8.08,MG,2023-01-23 22:25:01
247,aden,12.7794,45.0367,24.55,69,13,6.72,YE,2023-01-23 22:25:04
248,san andres,12.5847,-81.7006,29.01,70,20,6.17,CO,2023-01-23 22:25:07
249,ambilobe,-13.2,49.05,22.59,97,100,1.25,MG,2023-01-23 22:22:54
250,victoria,22.2855,114.1577,15.21,58,99,12.07,HK,2023-01-23 22:24:12
251,nayagarh,20.1333,85.1,16.57,66,45,1.18,IN,2023-01-23 22:25:13
252,najran,17.4924,44.1277,15.36,31,1,1.08,SA,2023-01-23 22:25:15
253,nurobod,40.9056,69.8023,-5.72,72,24,2.23,UZ,2023-01-23 22:25:17
254,tutoia,-2.7619,-42.2744,25.94,83,65,4.36,BR,2023-01-23 22:25:18
255,charters towers,-20.1,146.2667,24.57,75,11,3.32,AU,2023-01-23 22:25:20
256,margate,51.3813,1.3862,5.5,78,100,2.68,GB,2023-01-23 22:25:22
257,tabou,4.423,-7.3528,26.38,84,28,2.84,CI,2023-01-23 22:25:23
258,ambon,-3.6954,128.1814,25.13,15,40,3.6,ID,2023-01-23 22:25:25
259,teknaf,20.8624,92.3058,17.69,62,22,3.24,BD,2023-01-23 22:25:26
260,saint-paul,-21.0096,55.2707,24.06,91,100,1.28,RE,2023-01-23 22:25:28
261,saint george,37.1041,-113.5841,7.33,37,0,3.6,US,2023-01-23 22:23:46
262,rocha,-34.4833,-54.3333,22.64,51,0,4.73,UY,2023-01-23 22:25:31
263,samarai,-10.6167,150.6667,28.48,76,73,6.24,PG,2023-01-23 22:25:33
264,cartagena,10.3997,-75.5144,29.79,66,20,5.66,CO,2023-01-23 22:25:35
265,carahue,-38.7,-73.1667,22.13,60,1,4.49,CL,2023-01-23 22:25:36
266,launceston,-41.45,147.1667,18.78,76,40,1.54,AU,2023-01-23 22:25:38
267,kruisfontein,-34.0033,24.7314,21.96,80,69,8.13,ZA,2023-01-23 22:25:39
268,dali,25.7,100.1833,3.97,48,50,0.29,CN,2023-01-23 22:25:41
269,casa grande,32.8795,-111.7573,10.55,32,0,3.09,US,2023-01-23 22:23:47
270,sao joao da barra,-21.6403,-41.0511,26.05,88,100,4.01,BR,2023-01-23 22:22:56
271,kyra,49.5776,111.9753,-36.09,88,5,1.78,RU,2023-01-23 22:25:45
272,besikduzu,41.052,39.2284,9.94,91,9,1.14,TR,2023-01-23 22:25:46
273,shingu,33.7333,135.9833,5.66,86,100,3.1,JP,2023-01-23 22:25:47
274,maniitsoq,65.4167,-52.9,-4.42,92,100,7.06,GL,2023-01-23 22:25:49
275,zhigansk,66.7697,123.3711,-41.2,98,100,2.02,RU,2023-01-23 22:25:51
276,cherskiy,68.75,161.3,-27.08,94,100,2.35,RU,2023-01-23 22:25:52
277,zyryanka,65.75,150.85,-33.89,99,100,1.36,RU,2023-01-23 22:25:53
278,orlik,52.5178,99.825,-24.15,90,100,1.31,RU,2023-01-23 22:21:22
279,minggang,32.4586,114.0486,-3.2,36,99,6.59,CN,2023-01-23 22:25:56
280,aksu,41.1231,80.2644,-16.81,90,13,1.89,CN,2023-01-23 22:25:57
281,kavieng,-2.5744,150.7967,28.25,77,90,6.78,PG,2023-01-23 22:25:59
282,geraldton,-28.7667,114.6,21.23,88,100,4.63,AU,2023-01-23 22:26:00
283,mount isa,-20.7333,139.5,27.87,61,58,2.06,AU,2023-01-23 22:26:02
284,port hedland,-20.3167,118.5667,25.03,78,31,7.72,AU,2023-01-23 22:26:03
285,acapulco,16.8634,-99.8901,29.9,54,0,3.09,MX,2023-01-23 22:24:10
286,pimentel,-6.8367,-79.9342,25.16,61,20,10.8,PE,2023-01-23 22:26:06
287,west plains,36.7281,-91.8524,8.46,53,0,2.06,US,2023-01-23 22:26:08
288,sovetskiy,61.3614,63.5842,-14.44,95,32,2.17,RU,2023-01-23 22:26:10
289,brownwood,31.7093,-98.9912,12.0,32,100,7.2,US,2023-01-23 22:24:24
290,tessalit,20.1986,1.0114,21.11,12,1,3.41,ML,2023-01-23 22:26:12
291,taltal,-25.4,-70.4833,21.92,74,22,3.04,CL,2023-01-23 22:26:14
292,khash,28.2211,61.2158,-0.57,51,0,1.81,IR,2023-01-23 22:26:15
293,qaqortoq,60.7167,-46.0333,-4.66,64,100,2.72,GL,2023-01-23 22:26:18
294,kloulklubed,7.0419,134.2556,27.28,80,100,5.49,PW,2023-01-23 22:26:19
295,shelburne,44.0787,-80.2041,-0.75,90,75,5.47,CA,2023-01-23 22:26:21
296,namibe,-15.1961,12.1522,23.02,85,99,1.67,AO,2023-01-23 22:26:22
297,bathsheba,13.2167,-59.5167,26.34,69,40,9.26,BB,2023-01-23 22:26:24
298,manokwari,-0.8667,134.0833,25.5,81,100,2.96,ID,2023-01-23 22:26:27
299,lodwar,3.1191,35.5973,28.82,37,67,3.05,KE,2023-01-23 22:26:28
300,tsumeb,-19.2333,17.7167,21.64,71,99,4.41,NA,2023-01-23 22:26:29
301,kaisiadorys,54.8667,24.45,-1.69,94,95,1.03,LT,2023-01-23 22:26:31
302,muzhi,65.3667,64.6667,-7.93,88,98,3.19,RU,2023-01-23 22:26:33
303,torbay,47.6666,-52.7314,2.37,94,100,9.77,CA,2023-01-23 22:26:35
304,zhezkazgan,47.8043,67.7144,-17.06,90,97,3.27,KZ,2023-01-23 22:26:36
305,tamandare,-8.7597,-35.1047,26.29,79,15,4.19,BR,2023-01-23 22:26:38
306,fillmore,43.6666,-92.1002,-1.73,93,100,3.6,US,2023-01-23 22:26:39
307,pochutla,15.7432,-96.4661,30.9,50,5,3.12,MX,2023-01-23 22:26:41
308,zunyi,27.6867,106.9072,0.38,84,65,2.02,CN,2023-01-23 22:26:42
309,hofn,64.2539,-15.2082,0.75,49,100,3.61,IS,2023-01-23 22:22:08
310,cockburn town,21.4612,-71.1419,25.98,69,40,2.57,TC,2023-01-23 22:26:45
311,morondava,-20.2833,44.2833,25.32,89,100,7.15,MG,2023-01-23 22:26:46
312,lugus,5.7036,120.8203,26.31,81,100,1.7,PH,2023-01-23 22:26:48
313,prince rupert,54.3161,-130.3201,8.05,92,100,8.75,CA,2023-01-23 22:26:49
314,noumea,-22.2763,166.4572,28.89,99,97,1.62,NC,2023-01-23 22:26:51
315,garowe,8.4054,48.4845,19.64,81,81,6.01,SO,2023-01-23 22:26:54
316,honiara,-9.4333,159.95,26.67,83,94,1.9,SB,2023-01-23 22:26:55
317,grand gaube,-20.0064,57.6608,24.1,76,100,4.25,MU,2023-01-23 22:26:57
318,chongwe,-15.3292,28.682,17.72,99,100,2.02,ZM,2023-01-23 22:26:59
319,bell ville,-32.6259,-62.6887,33.15,23,0,3.28,AR,2023-01-23 22:24:07
320,menongue,-14.6585,17.691,15.63,97,100,1.85,AO,2023-01-23 22:27:02
321,paka,4.6374,103.4368,26.96,78,100,3.09,MY,2023-01-23 22:27:04
322,tahoua,14.8888,5.2692,24.54,14,69,3.46,NE,2023-01-23 22:27:05
323,udachnyy,66.4167,112.4,-29.2,74,100,1.56,RU,2023-01-23 22:27:07
324,sitka,57.0531,-135.33,6.94,87,75,4.12,US,2023-01-23 22:27:09
325,tadine,-21.55,167.8833,28.15,74,43,1.3,NC,2023-01-23 22:27:12
326,nipawin,53.3668,-104.0009,-9.98,85,100,3.6,CA,2023-01-23 22:27:14
327,mount gambier,-37.8333,140.7667,17.72,82,96,3.75,AU,2023-01-23 22:22:41
328,srisailam,16.0833,78.8667,16.69,95,15,1.63,IN,2023-01-23 22:27:18
329,siniscola,40.5719,9.6922,1.75,80,84,1.44,IT,2023-01-23 22:27:20
330,flinders,-34.5833,150.8552,23.47,78,65,2.68,AU,2023-01-23 22:27:21
331,qatana,33.4354,36.0815,4.24,71,0,1.53,SY,2023-01-23 22:27:23
332,severo-kurilsk,50.6789,156.125,-6.87,68,90,11.94,RU,2023-01-23 22:27:25
333,pentecoste,-3.7928,-39.2703,25.53,78,54,3.62,BR,2023-01-23 22:26:39
334,longyearbyen,78.2186,15.6401,-4.09,68,20,1.54,SJ,2023-01-23 22:27:30
335,pevek,69.7008,170.3133,-28.87,84,83,0.42,RU,2023-01-23 22:27:31
336,ocala,29.1872,-82.1401,17.75,51,94,1.34,US,2023-01-23 22:26:17
337,natividade,-21.0422,-41.9733,23.99,91,100,0.62,BR,2023-01-23 22:27:34
338,jieshi,22.8134,115.8257,13.34,68,100,9.99,CN,2023-01-23 22:27:35
339,kez,57.8979,53.7152,-21.19,100,79,1.23,RU,2023-01-23 22:27:37
340,komsomolskiy,40.4272,71.7189,-5.08,75,42,0.62,UZ,2023-01-23 22:23:48
341,chuzhou,32.3219,118.2978,-3.53,54,82,5.68,CN,2023-01-23 22:27:39
342,hauterive,46.0901,3.4459,1.42,96,100,2.39,FR,2023-01-23 22:27:41
343,kulhudhuffushi,6.6221,73.07,26.64,70,87,3.2,MV,2023-01-23 22:27:42
344,the valley,18.217,-63.0578,26.08,69,75,5.66,AI,2023-01-23 22:23:50
345,clyde river,70.4692,-68.5914,-33.87,62,20,3.09,CA,2023-01-23 22:27:45
346,luwuk,-0.9516,122.7875,24.66,86,99,0.93,ID,2023-01-23 22:27:46
347,vao,-22.6667,167.4833,25.85,84,91,2.1,NC,2023-01-23 22:27:48
348,neyshabur,36.2133,58.7958,-2.11,62,1,0.5,IR,2023-01-23 22:27:49
349,juneau,58.3019,-134.4197,5.12,97,100,2.57,US,2023-01-23 22:27:51
350,peniche,39.3558,-9.3811,8.39,66,2,5.72,PT,2023-01-23 22:27:53
351,sjenica,43.2731,19.9994,1.03,100,100,1.11,RS,2023-01-23 22:27:55
352,lanivtsi,49.8633,26.0908,-0.33,89,51,2.67,UA,2023-01-23 22:27:56
353,vestmannaeyjar,63.4427,-20.2734,2.46,89,100,9.65,IS,2023-01-23 22:27:58
354,talkha,31.0539,31.3779,12.81,94,0,3.15,EG,2023-01-23 22:27:59
355,newtownards,54.5924,-5.6909,8.41,93,100,3.6,GB,2023-01-23 22:28:01
356,zvishavane,-20.3267,30.0665,20.51,81,100,1.8,ZW,2023-01-23 22:28:02
357,sambava,-14.2667,50.1667,24.15,86,100,2.86,MG,2023-01-23 22:28:04
358,cordoba,-31.4135,-64.1811,34.31,37,0,4.63,AR,2023-01-23 22:25:01
359,provideniya,64.3833,-173.3,-14.94,61,20,7.0,RU,2023-01-23 22:28:07
360,honningsvag,70.9821,25.9704,-0.14,93,100,10.29,NO,2023-01-23 22:28:09
361,hermiston,45.8404,-119.2895,9.97,61,0,2.57,US,2023-01-23 22:26:55
362,los llanos de aridane,28.6585,-17.9182,15.86,68,100,5.14,ES,2023-01-23 22:28:13
363,kalia,23.0396,89.6328,17.83,65,21,2.04,BD,2023-01-23 22:28:15
364,wuhu,31.3366,118.3755,-2.26,59,11,4.84,CN,2023-01-23 22:28:17
365,emerald,-23.5333,148.1667,25.19,74,4,4.08,AU,2023-01-23 22:28:18
366,zeya,53.75,127.2667,-33.81,94,100,1.54,RU,2023-01-23 22:28:20
367,lincoln,40.8,-96.667,2.95,81,100,2.06,US,2023-01-23 22:26:59
368,san antonio,29.4241,-98.4936,15.49,32,100,6.17,US,2023-01-23 22:25:31
369,todos santos,23.45,-110.2167,25.58,71,4,3.34,MX,2023-01-23 22:28:24
370,bonthe,7.5264,-12.505,24.56,84,66,2.74,SL,2023-01-23 22:28:26
371,waipawa,-41.4122,175.5153,15.86,64,42,2.0,NZ,2023-01-23 22:28:27
372,shaki,41.0833,47.1667,1.27,67,6,1.16,AZ,2023-01-23 22:28:28
373,chadiza,-14.0678,32.4392,17.3,98,100,1.59,ZM,2023-01-23 22:28:30
374,prainha,-1.8,-53.48,24.17,92,66,2.03,BR,2023-01-23 22:28:31
375,rosignol,6.2833,-57.5333,24.03,84,68,3.51,GY,2023-01-23 22:26:40
376,gat,31.61,34.7642,15.78,63,0,0.75,IL,2023-01-23 22:28:03
377,ossora,59.2353,163.0719,-10.05,94,100,9.82,RU,2023-01-23 22:28:37
378,tupik,54.4253,119.9327,-32.77,94,95,1.12,RU,2023-01-23 22:28:38
379,wanning,18.8003,110.3967,19.19,87,100,7.1,CN,2023-01-23 22:25:00
380,yeppoon,-23.1333,150.7333,25.88,71,33,3.88,AU,2023-01-23 22:28:44
381,lodhran,29.5405,71.6336,9.28,40,0,3.94,PK,2023-01-23 22:28:45
382,poshekhonye,58.4993,39.1353,-8.8,97,99,2.16,RU,2023-01-23 22:28:47
383,pacific grove,36.6177,-121.9166,16.12,37,0,4.63,US,2023-01-23 22:28:49
384,cabedelo,-6.9811,-34.8339,27.37,76,12,7.09,BR,2023-01-23 22:28:03
385,moose factory,51.2585,-80.6094,-3.0,93,100,4.63,CA,2023-01-23 22:28:52
386,faya,18.3851,42.4509,11.06,72,1,0.6,SA,2023-01-23 22:28:53
387,villamontes,-21.25,-63.5,25.92,70,100,1.33,BO,2023-01-23 22:28:55
388,mayo,38.8876,-76.5119,7.06,62,100,7.2,US,2023-01-23 22:28:56
389,gao,16.6362,1.637,25.29,13,18,3.0,ML,2023-01-23 22:28:59
390,mehamn,71.0357,27.8492,-0.03,86,40,10.29,NO,2023-01-23 22:29:00
391,fare,-16.7,-151.0167,25.47,79,100,4.91,PF,2023-01-23 22:29:02
392,vanimo,-2.6741,141.3028,24.96,90,100,0.98,PG,2023-01-23 22:29:03
393,riverton,40.5219,-111.9391,1.51,67,0,6.17,US,2023-01-23 22:29:05
394,dingle,10.9995,122.6711,23.13,94,100,3.51,PH,2023-01-23 22:29:07
395,paamiut,61.994,-49.6678,-5.22,83,100,6.64,GL,2023-01-23 22:29:09
396,wexford,52.3342,-6.4575,9.56,100,100,2.24,IE,2023-01-23 22:28:23
397,chokurdakh,70.6333,147.9167,-31.26,99,99,1.42,RU,2023-01-23 22:29:12
398,mombetsu,44.3525,143.3525,-8.58,87,83,3.88,JP,2023-01-23 22:29:13
399,itsukaichi,35.7253,139.2178,3.25,77,75,1.54,JP,2023-01-23 22:29:14
400,atar,20.5169,-13.0499,20.81,14,1,4.31,MR,2023-01-23 22:29:17
401,skegness,53.1436,0.3363,-1.02,84,11,2.88,GB,2023-01-23 22:25:29
402,ardalstangen,61.2371,7.6983,3.63,98,100,1.71,NO,2023-01-23 22:29:21
403,kantemirovka,49.7089,39.8592,-5.15,82,75,4.11,RU,2023-01-23 22:29:23
404,solnechnyy,50.7214,136.6319,-33.84,99,100,0.49,RU,2023-01-23 22:29:24
405,ocos,14.5094,-92.1933,30.1,65,3,4.94,GT,2023-01-23 22:29:26
406,bezhetsk,57.7851,36.6965,-6.07,97,99,2.82,RU,2023-01-23 22:29:27
407,pemangkat,1.1667,108.9667,23.83,90,100,2.19,ID,2023-01-23 22:29:28
408,tomaszow lubelski,50.4477,23.4162,1.18,91,97,3.57,PL,2023-01-23 22:29:30
409,villazon,-22.0866,-65.5942,12.02,72,81,3.23,BO,2023-01-23 22:29:33
410,iralaya,15.0,-83.2333,26.27,78,42,4.04,HN,2023-01-23 22:29:34
411,florencia,43.7667,11.25,5.64,90,40,2.24,IT,2023-01-23 22:26:36
412,kapit,2.0167,112.9333,22.39,100,100,0.34,MY,2023-01-23 22:29:37
413,kaeo,-35.1,173.7833,24.07,70,100,3.85,NZ,2023-01-23 22:29:38
414,estrela,-28.0611,-50.9383,21.9,77,70,1.08,BR,2023-01-23 22:29:39
415,argir,61.9959,-6.7715,5.54,93,100,3.88,FO,2023-01-23 22:29:41
416,comodoro rivadavia,-45.8667,-67.5,31.92,17,0,9.26,AR,2023-01-23 22:29:42
417,parry sound,45.3501,-80.033,0.03,80,100,3.96,CA,2023-01-23 22:29:44
418,ajdabiya,30.7554,20.2263,13.12,36,0,4.28,LY,2023-01-23 22:29:45
419,maicao,11.3832,-72.2432,28.31,61,74,7.62,CO,2023-01-23 22:29:47
420,talnakh,69.4865,88.3972,-31.86,93,22,2.74,RU,2023-01-23 22:29:48
421,trindade,-16.6494,-49.4889,24.86,94,97,1.29,BR,2023-01-23 22:26:23
422,sur,22.5667,59.5289,18.58,49,15,4.55,OM,2023-01-23 22:29:51
423,great falls,47.5002,-111.3008,0.79,69,75,8.75,US,2023-01-23 22:27:09
424,avera,33.194,-82.5271,10.03,54,5,4.82,US,2023-01-23 22:29:55
425,isangel,-19.55,169.2667,29.17,73,65,2.8,VU,2023-01-23 22:29:56
426,minab,27.1467,57.0801,13.94,28,26,5.56,IR,2023-01-23 22:29:58
427,gladstone,-23.85,151.25,26.96,65,40,2.57,AU,2023-01-23 22:26:15
428,shahrud,36.4182,54.9763,-3.1,59,0,2.68,IR,2023-01-23 22:30:00
429,kambove,-10.8764,26.5969,16.04,96,100,1.43,CD,2023-01-23 22:30:02
430,itaituba,-4.2761,-55.9836,24.23,93,74,0.39,BR,2023-01-23 22:30:05
431,wewak,-3.5534,143.6268,26.16,84,100,1.67,PG,2023-01-23 22:30:07
432,myaundzha,63.0494,147.1858,-38.14,100,90,1.27,RU,2023-01-23 22:30:08
433,soure,-0.7167,-48.5233,25.1,85,100,5.09,BR,2023-01-23 22:30:10
434,monrovia,6.3005,-10.7969,25.9,86,69,3.29,LR,2023-01-23 22:30:10
435,masyaf,35.0653,36.3406,8.03,81,0,2.19,SY,2023-01-23 22:30:15
436,alpine,32.835,-116.7664,15.55,26,0,0.89,US,2023-01-23 22:30:17
437,ballina,-28.8667,153.5667,25.56,84,11,2.25,AU,2023-01-23 22:30:18
438,werda,-25.2667,23.2833,26.06,31,34,6.36,BW,2023-01-23 22:30:20
439,mandurah,-32.55,115.7,21.66,57,0,6.08,AU,2023-01-23 22:30:21
440,nizwa,22.9333,57.5333,13.78,77,92,0.98,OM,2023-01-23 22:30:23
441,temir,49.1414,57.13,-14.85,90,38,3.61,KZ,2023-01-23 22:30:24
442,kaka,37.3482,59.6143,-5.3,75,17,2.1,TM,2023-01-23 22:30:26
443,comayagua,14.45,-87.6333,26.97,43,13,3.55,HN,2023-01-23 22:30:27
444,lumeje,-11.55,20.7833,18.26,86,100,2.74,AO,2023-01-23 22:30:30
445,nouadhibou,20.931,-17.0347,18.99,63,0,7.2,MR,2023-01-23 22:30:32
446,miandrivazo,-19.5167,45.4667,23.12,93,100,2.77,MG,2023-01-23 22:30:33
447,te anau,-45.4167,167.7167,14.92,56,16,1.02,NZ,2023-01-23 22:30:34
448,emba,48.8264,58.1442,-14.24,90,54,2.74,KZ,2023-01-23 22:30:36
449,saint-georges,12.0564,-61.7485,26.82,74,20,9.26,GD,2023-01-23 22:27:15
450,grinties,47.05,25.8667,0.04,97,40,1.13,RO,2023-01-23 22:30:39
451,kotido,2.9806,34.1331,23.18,40,92,3.4,UG,2023-01-23 22:30:40
452,clinton,42.587,-82.9199,1.18,78,75,6.69,US,2023-01-23 22:30:30
453,hami,42.8,93.45,-13.16,37,0,2.34,CN,2023-01-23 22:30:43
454,wum,6.3833,10.0667,21.64,25,24,1.18,CM,2023-01-23 22:30:44
455,oyama,36.3,139.8,5.33,58,100,1.03,JP,2023-01-23 22:30:46
456,sao francisco,-15.9486,-44.8644,21.64,95,88,1.68,BR,2023-01-23 22:30:22
457,mocuba,-16.8392,36.9856,22.31,96,100,2.73,MZ,2023-01-23 22:30:49
458,marystown,47.1666,-55.1483,2.11,96,100,11.04,CA,2023-01-23 22:30:50
459,okhotsk,59.3833,143.3,-30.69,83,50,5.58,RU,2023-01-23 22:30:51
460,matara,5.9485,80.5353,23.56,88,100,4.32,LK,2023-01-23 22:30:53
461,kieta,-6.2167,155.6333,28.43,73,95,1.74,PG,2023-01-23 22:30:54
462,nuuk,64.1835,-51.7216,-0.66,59,100,7.72,GL,2023-01-23 22:30:17
463,high level,58.5169,-117.136,-9.94,92,75,1.54,CA,2023-01-23 22:30:08
464,mehran,33.1222,46.1646,12.14,50,1,1.39,IR,2023-01-23 22:30:58
465,arraias,-12.9288,-46.9437,20.25,94,99,0.33,BR,2023-01-23 22:31:00
466,zheleznodorozhnyy,55.7503,38.0042,-2.71,97,39,1.82,RU,2023-01-23 22:30:57
467,baglung,28.2719,83.5898,9.84,26,26,3.15,NP,2023-01-23 22:31:03
468,nome,64.5011,-165.4064,-19.96,65,0,2.57,US,2023-01-23 22:31:04
469,penzance,50.1186,-5.5371,2.38,74,51,3.61,GB,2023-01-23 22:31:06
470,sisimiut,66.9395,-53.6735,-8.36,85,100,2.89,GL,2023-01-23 22:31:07
471,mareeba,-17.0,145.4333,26.36,82,14,1.63,AU,2023-01-23 22:31:05
472,nelson bay,-32.7167,152.15,23.33,93,64,1.79,AU,2023-01-23 22:31:10
473,chute-aux-outardes,49.1168,-68.399,-3.01,86,100,3.09,CA,2023-01-23 22:31:12
474,sungaipenuh,-2.0833,101.3833,17.68,97,100,0.65,ID,2023-01-23 22:31:13
475,saint-augustin,51.226,-58.6502,-8.57,93,77,1.88,CA,2023-01-23 22:31:16
476,horadiz,39.4488,47.3353,3.01,80,47,0.47,AZ,2023-01-23 22:31:17
477,cam ranh,11.9214,109.1591,24.98,83,40,5.14,VN,2023-01-23 22:31:19
478,grindavik,63.8424,-22.4338,1.26,86,100,7.2,IS,2023-01-23 22:31:20
479,rodeo,38.033,-122.2669,17.98,30,0,5.66,US,2023-01-23 22:31:22
480,sainte-maxime,43.3,6.6333,6.63,91,100,5.57,FR,2023-01-23 22:31:24
481,zambezi,-13.5432,23.1047,17.62,96,100,1.6,ZM,2023-01-23 22:31:25
482,sampit,-2.5333,112.95,23.04,98,100,0.96,ID,2023-01-23 22:31:28
483,harper,4.375,-7.7169,26.13,83,17,3.0,LR,2023-01-23 22:27:21
484,chicama,-7.8447,-79.1469,21.3,62,27,3.93,PE,2023-01-23 22:31:30
485,wuwei,37.9281,102.6414,-13.96,43,2,1.58,CN,2023-01-23 22:31:32
486,san pietro vernotico,40.4853,17.9997,5.8,87,0,1.03,IT,2023-01-23 22:31:33
487,laiya,13.675,121.3903,24.01,87,75,3.91,PH,2023-01-23 22:31:35
488,half moon bay,37.4636,-122.4286,16.03,29,0,4.63,US,2023-01-23 22:28:38
489,alenquer,-1.9417,-54.7383,23.98,92,87,1.67,BR,2023-01-23 22:31:37
490,escanaba,45.7453,-87.0646,-0.83,80,100,6.26,US,2023-01-23 22:31:39
491,kissidougou,9.1848,-10.0999,24.53,61,76,2.11,GN,2023-01-23 22:31:40
492,ribas do rio pardo,-20.4431,-53.7592,23.71,87,79,1.83,BR,2023-01-23 22:31:42
493,praia da vitoria,38.7333,-27.0667,15.14,82,75,9.4,PT,2023-01-23 22:31:43
494,rosarito,32.3333,-117.0333,18.13,29,0,4.47,MX,2023-01-23 22:31:46
495,howard springs,-12.497,131.047,25.95,98,100,4.08,AU,2023-01-23 22:31:47
496,ayr,55.4627,-4.6339,9.62,100,75,2.06,GB,2023-01-23 22:31:50
497,maniwaki,46.3834,-75.966,-2.79,80,90,2.06,CA,2023-01-23 22:31:52
498,tracy,37.7397,-121.4252,14.67,45,3,2.68,US,2023-01-23 22:26:59
499,bedele,8.456,36.353,14.56,49,37,1.54,ET,2023-01-23 22:31:55
500,otavi,-19.65,17.3333,18.76,85,100,5.94,NA,2023-01-23 22:31:57
501,zemio,5.0314,25.1361,21.56,48,71,1.86,CF,2023-01-23 22:31:59
502,ribeira brava,32.65,-17.0667,16.67,69,5,4.31,PT,2023-01-23 22:32:00
503,santa maria,-29.6842,-53.8069,33.61,29,20,1.54,BR,2023-01-23 22:30:10
504,zhigalovo,54.8097,105.1578,-31.41,92,100,1.18,RU,2023-01-23 22:32:03
505,buala,-8.145,159.5921,25.7,87,100,2.06,SB,2023-01-23 22:28:37
506,hovd,48.0056,91.6419,-22.97,82,100,0.33,MN,2023-01-23 22:32:07
507,severodvinsk,64.5635,39.8302,-10.94,85,22,4.78,RU,2023-01-23 22:31:48
508,megion,61.0296,76.1136,-14.99,96,99,3.14,RU,2023-01-23 22:32:12
509,buchanan,5.8808,-10.0467,26.03,84,99,3.01,LR,2023-01-23 22:32:17
510,taywarah,33.35,64.4167,-17.3,72,2,1.83,AF,2023-01-23 22:32:19
511,pangnirtung,66.1451,-65.7125,-28.0,76,20,2.06,CA,2023-01-23 22:32:20
512,porbandar,21.6422,69.6093,16.57,51,2,5.32,IN,2023-01-23 22:32:22
513,verkhnevilyuysk,63.4453,120.3167,-30.41,96,100,2.14,RU,2023-01-23 22:32:23
514,bowen,-20.0167,148.2333,26.23,74,28,4.27,AU,2023-01-23 22:32:25
515,banjar,-8.19,114.9675,25.38,88,69,1.27,ID,2023-01-23 22:31:34
516,bandarbeyla,9.4942,50.8122,23.71,68,100,7.79,SO,2023-01-23 22:32:28
517,bambanglipuro,-7.95,110.2833,24.08,89,96,1.85,ID,2023-01-23 22:32:29
518,piacabucu,-10.4056,-36.4344,26.3,81,3,4.93,BR,2023-01-23 22:32:31
519,san pedro,14.35,121.0167,25.57,82,40,1.54,PH,2023-01-23 22:32:32
520,mecca,21.4267,39.8261,22.5,73,6,1.63,SA,2023-01-23 22:32:33
521,pierre,44.3683,-100.351,2.51,64,0,4.63,US,2023-01-23 22:32:35
522,svetlaya,46.5389,138.3297,-23.99,89,100,5.47,RU,2023-01-23 22:32:36
523,niwari,28.8833,77.5333,13.83,69,57,2.26,IN,2023-01-23 22:32:38
524,arak,34.0917,49.6892,-2.75,80,55,1.03,IR,2023-01-23 22:32:39
525,merritt island,28.5392,-80.672,19.05,57,20,5.14,US,2023-01-23 22:29:42
526,shuangcheng,45.35,126.2833,-31.18,94,11,2.06,CN,2023-01-23 22:32:42
527,saint-jean-port-joli,47.2171,-70.2658,-2.11,98,92,2.35,CA,2023-01-23 22:32:44
528,borova,50.1763,30.1043,0.14,81,45,2.32,UA,2023-01-23 22:32:45
529,ichhawar,23.0167,77.0167,16.43,55,72,0.82,IN,2023-01-23 22:32:46
530,rio de janeiro,-22.9028,-43.2075,25.98,85,100,5.66,BR,2023-01-23 22:31:42
531,chuchkovo,54.2693,41.4465,-8.64,88,71,2.93,RU,2023-01-23 22:32:49
532,miraflores,19.2167,-98.8083,22.79,41,1,3.28,MX,2023-01-23 22:32:50
533,praia,14.9215,-23.5087,21.3,68,20,5.66,CV,2023-01-23 22:32:52
534,mazyr,52.0495,29.2456,-0.9,79,12,2.23,BY,2023-01-23 22:32:53
535,constitucion,-35.3333,-72.4167,17.98,81,15,4.52,CL,2023-01-23 22:32:56
536,lysva,58.1086,57.8053,-15.82,99,100,1.35,RU,2023-01-23 22:32:57
537,banda aceh,5.5577,95.3222,24.39,83,85,4.12,ID,2023-01-23 22:32:59
538,acarau,-2.8856,-40.12,25.85,81,88,4.49,BR,2023-01-23 22:31:17
539,kavaratti,10.5669,72.642,26.24,75,34,5.89,IN,2023-01-23 22:33:02
540,sangueya,10.7,-14.3667,21.15,87,29,0.68,GN,2023-01-23 22:33:03
541,mikuni,36.2171,136.1519,2.95,82,100,8.39,JP,2023-01-23 22:33:05
542,yumen,40.2833,97.2,-17.83,51,3,0.28,CN,2023-01-23 22:33:06
543,eldorado,-23.7869,-54.2836,24.43,71,66,2.44,BR,2023-01-23 22:33:08
544,yablonovo,50.8523,37.3574,-4.0,74,24,3.49,RU,2023-01-23 22:33:09
545,shenzhen,22.5455,114.0683,15.15,62,100,8.92,CN,2023-01-23 22:30:33
546,verkhnetulomskiy,68.6073,31.7962,0.07,90,100,4.7,RU,2023-01-23 22:33:12
